,Attr1,Attr2,Attr3,Attr4,Attr5,Attr6,Attr7,Attr8,Attr9,Attr10,Attr11,Attr12,Attr13,Attr14,Attr15,Attr16,Attr17,Attr18,Attr19,Attr20,Attr21,Attr22,Attr23,Attr24,Attr25,Attr26,Attr27,Attr28,Attr29,Attr30,Attr31,Attr32,Attr33,Attr34,Attr35,Attr36,Attr37,Attr38,Attr39,Attr40,Attr41,Attr42,Attr43,Attr44,Attr45,Attr46,Attr47,Attr48,Attr49,Attr50,Attr51,Attr52,Attr53,Attr54,Attr55,Attr56,Attr57,Attr58,Attr59,Attr60,Attr61,Attr62,Attr63,Attr64,class
Attr32,-0.13895299,0.8562511235402069,-0.867618148,0.032605458286271274,-0.153627853,-0.681691741,-0.077455455,-0.00246811,-0.001652013,-0.137429624,-0.000732104,0.012244690721394065,-0.000790143,-0.077455455,0.065786212,0.004197604,-0.002610606,-0.077455455,-0.002267118,-0.000442579,-0.000854445,-0.000560217,-0.005292663,-0.049045157,-0.166483554,0.003140777,-0.001358948,-0.002049624,-0.047979026,0.003295698,-0.002232731,1,-0.016119522,-0.00876734,1.1253549913926997e-05,-0.001981276,-0.000906939,-0.137474509,-0.007335952,0.037571639,0.070193927,-0.008148032,0.000332403,0.000600108,-0.002287685,0.035147154740491834,0.43039436211651316,-0.00325841,-0.001521607,-0.008624801,0.8680318729067422,0.9350348728891995,-0.002653734,-0.002659255,-0.00636771,0.000513682,-0.001146674,-0.000513185,-0.000460084,-0.000361384,-0.000856116,0.011124951,-0.011533552,-0.002834785,0.050432258468629164
Attr34,0.039684184575367785,-0.003286495,0.010734985085603752,0.254990212,0.003473828,0.001917871,-0.069424555,0.4527194107887261,-0.069991261,-0.085058048,-0.073211033,0.5214256924123951,0.00231003,-0.069424555,-0.001888104,0.5596624966157334,0.42671318582141726,-0.069424555,0.001660077,0.002367882,-0.00051627,-0.073120202,0.001975411,-0.057792201,-0.084473054,0.4629668065926316,0.046744821,0.024624817282845483,-0.164331449,0.00219808,0.00165132,-0.00876734,0.9008473979015054,1,-0.072776689,-0.071710841,-0.015184844,-0.085835944,0.003434713,0.11917851731094968,-0.00411035,0.003499344,0.002302254,0.002279187,0.001853823,0.1931995332000529,-0.010218088,-0.07182025,-0.002072915,0.6585015331466612,-0.008065311,-0.011982159,-0.190707623,-0.19085689,-0.009681273,-0.002416472,0.008590795,0.002416444,-0.007078427,0.001139967,0.055384706532503755,0.001475958,0.9181490040895862,-0.157522049,0.027680386556575086
Attr33,0.042241177,-0.017535922,0.015948409728150603,0.25730238484282675,0.005354244,0.008484514,0.058674580583188404,0.3141639868754186,0.18304884491963075,0.034814927,0.13632067230658243,0.4160180631883844,0.006059909,0.058674580583188404,-0.002645598,0.4184719861722626,0.30485184919740355,0.058674580583188404,0.004308311,0.006245765,0.032144695,0.10243620831505192,0.004848629,0.047714981810620595,0.019411797240576723,0.3224989339797467,0.040952162889032494,-0.006398544,-0.141349466,0.005918739,0.004247095,-0.016119522,1,0.9008473979015054,0.10764249800579095,0.22159523111099144,0.000149443,0.03392961,0.007783339,0.10261719977265026,-0.0090785,0.007900221,0.006110083,0.006062162,0.004304602,0.18228050955150413,-0.017573563,-0.00991662,-0.005772592,0.6533293460147116,-0.015718068,-0.021961032,0.11925410307634128,0.11921406709579836,0.008997992,-0.006316499,0.008196996,0.006316398,-0.011674095,-0.000914777,0.12215499150870066,0.004515393,0.9701379526467705,0.11906357617714157,0.013934456389041805
Attr40,0.005682384,-0.004599845,0.005337473,0.9701274201056037,-0.002968345,0.001461276,-0.008354396,0.12425666604368434,-0.080058232,-0.010694726,-0.022117721,0.4940657351889834,0.089006488,-0.008354396,-0.001548428,0.09410044,0.12182298916773017,-0.008354396,0.4666546568410557,-0.000712318,0.006125793,0.008644289,0.4144747978243646,0.009510417,-0.001493585,0.081933038,0.003847673,0.028301922,0.011132779,0.003585046,0.4666741832416715,0.037571639,0.10261719977265026,0.11917851731094968,-0.001604495,-0.090643962,-0.000107848,-0.011619079,-0.000153299,1,-0.001788266,-0.015417546,-0.000448303,-0.000357007,0.006923254,0.9894204681467968,-0.001446101,0.075233001,-0.003072655,0.22462447150686932,-0.004333981,0.022082972629764306,-0.098019399,-0.098034289,0.012435357,0.000700853,0.000473067,-0.000700744,-0.002433099,0.000833876,-0.095888059,-0.000677361,0.10198723083415916,-0.098024187,0.010320367641833902
class,-0.010643361,0.065150323,-0.065102089,0.008070944,-0.00201325,-0.052311052,-0.012166822,-0.000150852,-0.007060737,-0.018709004,-0.006281663,-0.017332458,-0.00286246,-0.012166822,0.008642707,-0.013810159,-0.00018351,-0.012166822,-0.004444712,-0.002395308,-0.003891936,-0.005379476,-0.004350056,-0.01080747,-0.019281709,-0.010476665,-0.0046503,-0.013572621,-0.041747888,-0.002391953,-0.004413843,0.050432258468629164,0.013934456389041805,0.027680386556575086,-0.006579743,-0.006869525,-0.003910285,-0.018670581,-0.00185258,0.010320367641833902,-0.006035393,-0.001839501,-0.002469615,-0.002494868,0.002699412,0.00564715,-0.006869695,-0.003163995,0.002516867,0.021969346,0.064745641,0.034024848,-0.006979839,-0.006978243,-0.022040154,0.002390258,-0.060031781,-0.002389459,0.002221055,-0.002482041,-0.002533936,-0.002679078,0.004930097,-0.007197652,1
Attr2,-0.155931989,1,-0.985781698,-0.010018522,-0.052235139,-0.772227393,-0.193355231,-0.008611547,-0.073338275,-0.221382953,-0.103102085,-0.010755102,-0.002873182,-0.193355231,0.000332224,-0.007248815,-0.010606473,-0.193355231,-0.017806073,0.000655678,-0.003276675,-0.10625542,-0.018350231,-0.176282786,-0.195783591,-0.007001235,-0.005002541,-0.017878033,-0.0503532,0.002882392,-0.017815933,0.8562511235402069,-0.017535922,-0.003286495,-0.114209571,-0.073245269,-0.032585481,-0.221320723,0.001318049,-0.004599845,0.039238933,0.001164178,0.00066843,0.000672722,-0.002783025,-0.007730147,-0.000522615,-0.100450773,-0.000513691,-0.020641622,0.9865031550244345,0.628823362,-0.066144405,-0.065867538,-0.009708698,-0.000655414,-0.000743265,0.000655765,0.000978588,-1.58E-05,-0.002368225,0.005455655,-0.017960533,-0.104068845,0.065150323
Attr51,-0.158139024,0.9865031550244345,-0.999135635,-0.009202733,-0.053358084,-0.782377296,-0.088994524,-0.009137449,-0.003173137,-0.159653921,-0.000933343,-0.009068044,-0.003796535,-0.088994524,0.000203927,-0.008538259,-0.009164509,-0.088994524,-0.018789707,-0.000224522,-0.010846122,-0.00034836,-0.019379377,-0.056651222,-0.192767947,-0.006082684,-0.001540365,-0.03972456,-0.064071755,0.002043617,-0.018799816,0.8680318729067422,-0.015718068,-0.008065311,0.000210343,-0.003041924,-0.019405053,-0.159707626,0.000448505,-0.004333981,0.038699695657427445,0.000291409,-0.000204685,-0.000197796,-0.003004325,-0.007168064,-0.000362681,0.000474254,0.000356014,-0.017170089,1,0.6374783588630847,-0.032058433,-0.031914635,-0.0092789,0.000224678,-0.001311038,-0.000224324,-0.000709483,0.00024162,-0.000964643,0.004736018,-0.015922122,-0.031346933,0.064745641
Attr52,-0.10093124,0.628823362,-0.637066161,0.017222152726571086,-0.201320686,-0.499248849,-0.057263356,-0.002570821,-0.002252596,-0.102283908,-0.001167755,0.003975444,-0.002151626,-0.057263356,0.10254421838403674,0.0078293,-0.002795475,-0.057263356,-0.008724666,-0.000596361,-0.000893632,-0.000928232,-0.010957169,-0.036694921,-0.12332498,0.005794608,-0.002030894,-0.002154033,-0.030668442,0.003464506,-0.008686698,0.9350348728891995,-0.021961032,-0.011982159,-0.000627392,-0.002740067,-0.00098356,-0.102322442,-0.011545419,0.022082972629764306,0.08169046,-0.012047085,0.000596785,0.001008923,-0.001625601,0.019686948107537836,0.6725211220030359,-0.005258254,-0.002320112,-0.010879409,0.6374783588630847,1,-0.002703692,-0.002709128,-0.008495097,0.000709154,-0.001436698,-0.000708904,-7.32E-05,-0.000454413,-0.000908934,0.014006955051194515,-0.014586896,-0.002891646,0.034024848
Attr50,0.036325097,-0.020641622,0.022845716287932066,0.40016756162973516,0.005048921,0.009807414,-0.000224218,0.48191425293132933,-0.005728107,0.002130025,-0.001161034,0.3762487005253514,-0.00146227,-0.000224218,-0.002954407,0.40224061693934765,0.4719138340008715,-0.000224218,0.00757982,-0.003512627,0.021278800369177463,-0.001644318,0.00652047,-0.000476846,0.014211323642561544,0.3304142459838063,0.056207875,0.054990527383146734,-0.055652986,-0.003770067,0.007682695,-0.008624801,0.6533293460147116,0.6585015331466612,-0.001664493,-0.00672454,0.024523516442498675,0.000698918,-0.001804364,0.22462447150686932,-0.007156236,-0.002035011,-0.003474724,-0.003461034,0.007765381,0.3097404289540116,0.002991984,-0.000683161,0.003812856,1,-0.017170089,-0.010879409,-0.001290353,-0.001664459,0.053394453257616055,0.003507607,0.004173966,-0.003507712,-0.012355791,-0.002024693,-0.002717412,-0.004382737,0.6619265314453108,-0.006088626,0.021969346
Attr15,0.000146143,0.000332224,0.000969363,-0.002369391,-0.446792728,-5.17E-05,-0.000618055,-0.002180408,-0.000736854,-0.000948041,-0.00072719,-0.002346683,0.000429926,-0.000618055,1,-0.002572407,-0.002188171,-0.000618055,0.0006927,0.000358283,-0.000659856,-0.000626891,0.000744311,-0.000735615,-0.000771422,-0.00179623,-0.001380451,0.000962545,-0.02446723,0.000711265,0.000690749,0.065786212,-0.002645598,-0.001888104,-0.000969763,-0.000736991,-0.000113954,-0.000949536,0.000879544,-0.001548428,0.14917603837045285,0.000953832,0.000505503,0.000556282,0.000541359,-0.002160778,-0.000542726,-0.000396747,-0.000200586,-0.002954407,0.000203927,0.10254421838403674,-0.000609999,-0.000607244,-0.000681282,-0.000362174,0.000853986,0.000362108,0.003214789,-0.00121814,-0.000617952,0.000812127,-0.003282833,-0.000263654,0.008642707
Attr4,0.014650320417686056,-0.010018522,0.011218676370863222,1,-0.000884867,0.003946416,0.014724682226025696,0.19194453174375056,-0.01372946,0.009600865,0.032167705,0.539527418,0.084244988,0.014724682226025696,-0.002369391,0.1573792411090253,0.18698722163450304,0.014724682226025696,0.44400410328276835,-0.001204145,0.005266817,0.025307323189720805,0.39436987355041897,0.020564152879065073,0.008565314,0.1278942768249804,0.017430288780070458,0.017848045107577665,-0.004225486,0.002760048,0.4440291032103917,0.032605458286271274,0.25730238484282675,0.254990212,0.023343838348066817,-0.026979236,0.000514344,0.008849309,-5.93E-05,0.9701274201056037,-0.002639165,-0.014574241,-0.000979566,-0.000901805,0.00886898,0.9881268,0.00012354,0.019014492560886154,-0.002245396,0.40016756162973516,-0.009202733,0.017222152726571086,-0.001872909,-0.001899797,0.02173932,0.001197615,0.001944482,-0.001197541,-0.005647839,-0.003344254,-0.003024346,-0.001617273,0.25950867406969425,-0.002469284,0.008070944
Attr46,0.011965670211181846,-0.007730147,0.008826275,0.9881268,-0.001557382,0.002964645,-0.001714197,0.1658555139148026,-0.076667153,-0.007387882,-0.007869502,0.530668854,0.087154879,-0.001714197,-0.002160778,0.1413067434205995,0.16227821582608548,-0.001714197,0.4574541011165777,-0.00082005,0.006372947,0.022361343777364085,0.40633443835931615,0.017768216297434754,0.00130686,0.11792938854001489,0.017349177,0.035418182,0.003938966,0.003325077,0.4574766365312812,0.035147154740491834,0.18228050955150413,0.1931995332000529,0.012027456699369258,-0.08914531,0.000729139,-0.008573935,8.688282570063442e-05,0.9894204681467968,-0.001927378,-0.014866325,-0.00055507,-0.000463422,0.007909217,1,-0.001928919,0.082495777,-0.002807885,0.3097404289540116,-0.007168064,0.019686948107537836,-0.096500362,-0.096520232,0.018098301848026077,0.000801515,0.001671021,-0.00080141,-0.003476609,-0.000592316,-0.095730531,-0.001030072,0.1832417910293914,-0.096477817,0.00564715
Attr63,0.04942702,-0.017960533,0.016155758573187975,0.25950867406969425,0.005443423,0.008937191,0.074479261,0.4925402625877756,0.22159465665859493,0.044756887064096175,0.1768398682971232,0.5770433588030538,-0.00499505,0.074479261,-0.003282833,0.6100024887277041,0.4843174698882312,0.074479261,-0.004836401,-0.004930267,0.028313600975486113,0.11391386925733454,-0.004565402,0.055918182,0.023581197237554707,0.5221171719502827,0.047924245,-0.015727403,-0.133586713,-0.005231734,-0.004858331,-0.011533552,0.9701379526467705,0.9181490040895862,0.12671773528892047,0.24845914867019953,-0.001416103,0.044082316635178816,-0.002703892,0.10198723083415916,-0.007369173,-0.002606624,-0.005058667,-0.005102167,0.004918545,0.1832417910293914,-0.005582141,-0.058943678,0.00537439,0.6619265314453108,-0.015922122,-0.014586896,0.18045959058834435,0.18040739288042923,0.010696575928669703,0.004863626,0.009669737,-0.004863714,-0.011145084,-0.001550853,0.1806549189692346,-0.006184514,1,0.17984342258635017,0.004930097
Attr45,0.001045523,-0.002783025,0.003264675,0.00886898,0.000639461,0.002356388,0.000944637,0.007902948,0.000431368,0.00084108,0.000708713,0.008144345,0.000149705,0.000944637,0.000541359,0.007682027,0.008584574,0.000944637,0.000298896,0.00012352,0.000315451,0.000650147,0.000283132,0.000756803,0.000808307,0.007302093,0.002396896,0.001839106,0.011077206165053732,0.000115007,0.000303211,-0.002287685,0.004304602,0.001853823,0.00076405,0.000466718,-0.000901711,0.000867653,0.000188443,0.006923254,0.00049333,0.000184464,0.000122734,0.000122441,1,0.007909217,0.000772099,0.000619038,-0.000100309,0.007765381,-0.003004325,-0.001625601,0.00035304,0.000354409,0.001453907,-0.000118039,0.001521257,0.000118034,0.000448067,-0.981919859,0.000430178,0.000121988,0.004918545,0.000413151,0.002699412
Attr49,0.000252534,-0.000513691,-9.54E-05,-0.002245396,-3.18E-05,0.000391802,0.000603164,0.001866496,0.000704133,0.000613944,0.000646415,0.00044858,-0.988168341,0.000603164,-0.000200586,0.002009318,0.00188379,0.000603164,-0.819365011,-0.99706701,-0.000877586,0.00057994,-0.843637777,0.000674229,0.000516619,0.001386108,0.00134981,0.00123926,0.021393658440555827,-0.999781928,-0.819338673,-0.001521607,-0.005772592,-0.002072915,0.000660205,0.000756803,0.000402673,0.000475106,-0.922785081,-0.003072655,0.000290076,-0.922618977,-0.998759063,-0.999173262,-0.000100309,-0.002807885,0.000670259,0.000509225,1,0.003812856,0.000356014,-0.002320112,0.000438178,0.00043582,0.002710138,0.9968636380082133,0.000427592,-0.996863648,-0.005667732,0.000193529,0.000746267,-0.979281315,0.00537439,0.000506061,0.002516867
Attr56,6.056774633480936e-05,-0.000655414,1.856175375050414e-05,0.001197615,-9.13E-05,0.0001179,0.000432448,0.001568845,0.00065004,0.000592894,0.000474338,0.001731281,-0.99456599,0.000432448,-0.000362174,0.001684263,0.001582459,0.000432448,-0.839320015,-0.999996242,-0.000460403,0.000396363,-0.864865028,0.000472029,0.000516122,0.001150848,0.001207719,0.001085896,0.023280461735606103,-0.998200637,-0.839292657,0.000513682,-0.006316499,-0.002416472,0.000466415,0.000690836,0.000416011,0.000451937,-0.950356221,0.000700853,0.000180449,-0.950249002,-0.999559115,-0.99923753,-0.000118039,0.000801515,0.000844437,0.000301999,0.9968636380082133,0.003507607,0.000224678,0.000709154,0.000423342,0.000421117,0.001454478,1,0.000313545,-1,-0.005743021,0.000199505,0.000715553,-0.960359867,0.004863626,0.00048627,0.002390258
Attr59,0.000287457,0.000978588,-0.00111594,-0.005647839,0.004470318,-6.63E-05,-0.001245593,-0.004920604,-0.001744201,-0.001964183,-0.001364694,-0.004057331,0.005715486,-0.001245593,0.003214789,-0.005025642,-0.004944991,-0.001245593,0.004824115,0.005743415,-0.049362295,-0.001061228,0.005006541,-0.001269971,-0.00156496,-0.003495665,-0.001361036,-0.003128592,0.023429962,0.005674713,0.004798726,-0.000460084,-0.011674095,-0.007078427,-0.00120738,-0.001990294,-0.001518468,-0.001690069,0.00571188,-0.002433099,0.012554348906167606,0.005702436,0.005709735,0.005697125,0.000448067,-0.003476609,9.930426016415199e-05,-0.000755636,-0.005667732,-0.012355791,-0.000709483,-7.32E-05,-0.001495353,-0.001492935,-0.004639116,-0.005743021,-0.268690935,0.005743048,1,-0.000673875,-0.001566052,0.00532241,-0.011145084,-0.001673653,0.002221055
Attr8,0.016006674353047323,-0.008611547,0.007716821,0.19194453174375056,0.002114785,0.006004831,-0.027134969,1,-0.030112409,-0.031688716,-0.02915726,0.7912986965669766,-0.000573859,-0.027134969,-0.002180408,0.9119749576702085,0.9954567273802751,-0.027134969,0.003713756,-0.001579147,0.004638692,-0.029095283,0.003466469,-0.020766094,-0.030080768,0.9410821493766385,0.011355792761053387,0.005107639,0.01635172,-0.001646679,0.003790199,-0.00246811,0.3141639868754186,0.4527194107887261,-0.028946658,-0.031577486,0.025127792,-0.03229223,-6.23E-05,0.12425666604368434,-0.003036595,-0.000162475,-0.001568698,-0.00156482,0.007902948,0.1658555139148026,-0.001656004,-0.028598636,0.001866496,0.48191425293132933,-0.009137449,-0.002570821,-0.07647985,-0.076632894,0.019479598,0.001568845,0.001209095,-0.00156888,-0.004920604,-0.002145932,0.013407353262524051,-0.001837711,0.4925402625877756,-0.066053994,-0.000150852
Attr17,0.015390310340665481,-0.010606473,0.00751416,0.18698722163450304,0.002069596,0.006059242,-0.00082842,0.9954567273802751,-0.002840601,0.001150448,-0.001327322,0.7910862620316232,-0.000623488,-0.00082842,-0.002188171,0.9079041343928697,1,-0.00082842,0.003513438,-0.001592178,0.004368334,-0.001415489,0.003283388,-0.000441843,0.007512636,0.9463116114289968,0.010819837009024117,0.004500371,0.013788867595297058,-0.001663291,0.003584647,-0.002610606,0.30485184919740355,0.42671318582141726,-0.001421994,-0.004288346,0.025934395794469493,0.000546516,-6.51E-05,0.12182298916773017,-0.003179123,-0.00015968,-0.001584979,-0.00158222,0.008584574,0.16227821582608548,-0.001764637,-0.00096533,0.00188379,0.4719138340008715,-0.009164509,-0.002795475,-0.00260981,-0.002784434,0.019795008834297675,0.001582459,0.001156134,-0.001582494,-0.004944991,-0.002435851,0.012970352960255116,-0.001860827,0.4843174698882312,-0.0054737,-0.00018351
Attr42,0.000723881,0.001164178,-0.000467794,-0.014574241,0.000321211,0.000987261,0.000272913,-0.000162475,-0.000429779,-0.000477344,0.0002377,-0.006624133,0.95800106,0.000272913,0.000953832,-6.92E-05,-0.00015968,0.000272913,0.8657998132910824,0.9494307188745063,0.000127841,0.000344967,0.8947608808912368,0.000348682,-0.00049605,3.248411008700182e-05,0.001307699,-0.0004651,-0.029096979,0.9299882753115412,0.8657711758162457,-0.008148032,0.007900221,0.003499344,0.000315267,-0.000424556,-0.000458418,-0.000336076,0.9998701166488747,-0.015417546,0.000206169,1,0.9406389015026001,0.937440767,0.000184464,-0.014866325,-0.000719411,0.000414159,-0.922618977,-0.002035011,0.000291409,-0.012047085,-0.000274623,-0.000272327,0.003585011,-0.950249002,0.000141729,0.9502489631344729,0.005702436,-0.00020933,-0.000453288,0.8262328121309682,-0.002606624,-0.000327279,-0.001839501
Attr39,0.00063439,0.001318049,-0.000624747,-5.93E-05,0.000257958,0.000842914,0.000218094,-6.23E-05,-0.000434587,-0.000522095,0.000200476,8.018459509591145e-05,0.959588709,0.000218094,0.000879544,-0.000101931,-6.51E-05,0.000218094,0.873604311,0.9495376317292754,-0.000118156,0.000300722,0.9017078030354088,0.000313055,-0.000530137,1.0263921730460803e-05,0.001278898,-0.000482744,-0.028679552,0.9301621097916509,0.873576842,-0.007335952,0.007783339,0.003434713,0.000333827,-0.000430138,-0.000466739,-0.000380859,1,-0.000153299,0.000207898,0.9998701166488747,0.9407476148080403,0.9375500833703146,0.000188443,8.688282570063442e-05,-0.000728215,0.000370285,-0.922785081,-0.001804364,0.000448505,-0.011545419,-0.000283909,-0.000281517,0.003554193,-0.950356221,9.521048401628651e-05,0.95035621,0.00571188,-0.000215626,-0.000459404,0.8263155970325906,-0.002703892,-0.000335885,-0.00185258
Attr5,0.008364021,-0.052235139,0.052915681579549345,-0.000884867,1,0.040983857,0.004791963,0.002114785,0.003073894,0.00856147,0.000176467,-3.55E-05,-4.06E-05,0.004791963,-0.446792728,0.001627535,0.002069596,0.004791963,-0.000607104,9.429766886990995e-05,-0.000163172,0.000132245,-0.000351664,0.003047826,0.010265396579367451,0.001166522,-5.02E-05,-0.000859664,-0.002678803,-0.000960907,-0.000602733,-0.153627853,0.005354244,0.003473828,0.000116301,0.000586846,-0.000245458,0.008625028,0.000257958,-0.002968345,-0.25110269,0.000321211,-0.000228173,-0.000339549,0.000639461,-0.001557382,0.014911644612768086,1.3721217624896458e-05,-3.18E-05,0.005048921,-0.053358084,-0.201320686,-0.000296363,-0.000295986,0.002832355,-9.13E-05,0.00027421,9.128436482530379e-05,0.004470318,-0.00019276,-0.000167749,-0.002223599,0.005443423,0.000217688,-0.00201325
Attr58,-6.08E-05,0.000655765,-1.89E-05,-0.001197541,9.128436482530379e-05,-0.000118233,-0.000432556,-0.00156888,-0.000650035,-0.000592971,-0.000474391,-0.00173139,0.9945659873678293,-0.000432556,0.000362108,-0.001684378,-0.001582494,-0.000432556,0.8393199977964826,0.9999962418203338,0.000173891,-0.000396429,0.8648650007950298,-0.000472108,-0.000516196,-0.001150925,-0.001230618,-0.001085929,-0.023280398,0.9982006375074362,0.8392926569251767,-0.000513185,0.006316398,0.002416444,-0.00046637,-0.000690833,-0.000416022,-0.000452014,0.95035621,-0.000700744,-0.000180409,0.9502489631344729,0.9995591145360766,0.9992375304672326,0.000118034,-0.00080141,-0.000844431,-0.000302071,-0.996863648,-0.003507712,-0.000224324,-0.000708904,-0.000423337,-0.000421112,-0.001454511,-1,-0.000313814,1,0.005743048,-0.00019952,-0.000715562,0.9603598692409164,-0.004863714,-0.000486264,-0.002389459
Attr30,-0.000417294,0.002882392,-0.00230747,0.002760048,-0.000960907,-0.001878092,-0.000658248,-0.001646679,-0.000700107,-0.000984772,-0.000506816,5.65910152763441e-05,0.9904389390461433,-0.000658248,0.000711265,-0.001822032,-0.001663291,-0.000658248,0.8254538779968904,0.9983521446340242,0.001089235,-0.000423864,0.849969864,-0.00063441,-0.000972734,-0.001246724,-0.000605395,-0.00119432,-0.021802077,1,0.8254266067445832,0.003295698,0.005918739,0.00219808,-0.000497196,-0.00074356,-0.000420115,-0.000845496,0.9301621097916509,0.003585046,8.764053591515325e-05,0.9299882753115412,0.9995284496235882,0.9997643229524096,0.000115007,0.003325077,-0.00087778,-0.000315606,-0.999781928,-0.003770067,0.002043617,0.003464506,-0.00045563,-0.000453511,-0.002442075,-0.998200637,-0.000362332,0.9982006375074362,0.005674713,-0.000211845,-0.00076757,0.9752878896804993,-0.005231734,-0.000523117,-0.002391953
Attr20,-6.81E-05,0.000655678,-1.77E-05,-0.001204145,9.429766886990995e-05,-0.000108488,-0.000421627,-0.001579147,-0.000631927,-0.000564389,-0.000462619,-0.001760042,0.9944405574461384,-0.000421627,0.000358283,-0.001710442,-0.001592178,-0.000421627,0.8386743740338375,1,-0.010403828,-0.000389797,0.8641871583300055,-0.000461966,-0.000493779,-0.001169919,-0.004404706,-0.001092779,-0.023153481,0.9983521446340242,0.8386470161819787,-0.000442579,0.006245765,0.002367882,-0.000464617,-0.000673786,-0.000417158,-0.000423425,0.9495376317292754,-0.000712318,-0.000186493,0.9494307188745063,0.9996329482603812,0.9993355631948303,0.00012352,-0.00082005,-0.000818239,-0.000301948,-0.99706701,-0.003512627,-0.000224522,-0.000596361,-0.000395525,-0.000393232,-0.001487245,-0.999996242,-0.000326807,0.9999962418203338,0.005743415,-0.000208575,-0.000706775,0.9610810947523446,-0.004930267,-0.00045974,-0.002395308
Attr43,-6.63E-05,0.00066843,-4.42E-05,-0.000979566,-0.000228173,-0.000128911,-0.000450313,-0.001568698,-0.000673917,-0.00061099,-0.000493077,-0.001696601,0.9927865977051175,-0.000450313,0.000505503,-0.00175557,-0.001584979,-0.000450313,0.8318744216635792,0.9996329482603812,-0.012282125,-0.000413338,0.8570267043381262,-0.000491673,-0.000529955,-0.001200935,-0.000652845,-0.001118555,-0.022479724,0.9995284496235882,0.8318471556553906,0.000332403,0.006110083,0.002302254,-0.000487885,-0.000716499,-0.000416194,-0.000471077,0.9407476148080403,-0.000448303,-0.000112083,0.9406389015026001,1,0.9999561902349368,0.000122734,-0.00055507,-0.000850645,-0.000313286,-0.998759063,-0.003474724,-0.000204685,0.000596785,-0.00043564,-0.00043346,-0.001873737,-0.999559115,-0.000341667,0.9995591145360766,0.005709735,-0.000208086,-0.000743562,0.9681913800928789,-0.005058667,-0.0005016,-0.002469615
Attr60,-0.000374998,-1.58E-05,-0.000331663,-0.003344254,-0.00019276,-0.000172178,-0.000775448,-0.002145932,-0.000538869,-0.000679324,-0.000808713,-0.003787128,-0.000203119,-0.000775448,-0.00121814,-0.003468996,-0.002435851,-0.000775448,-0.000215999,-0.000208575,-0.000389425,-0.000720675,-0.000200817,-0.00071887,-0.000494605,-0.003345523,-0.000104862,-0.000800201,-0.014575767,-0.000211845,-0.00021886,-0.000361384,-0.000914777,0.001139967,-0.000864415,-0.00057179,-0.001693009,-0.000718267,-0.000215626,0.000833876,-0.000768681,-0.00020933,-0.000208086,-0.000207882,-0.981919859,-0.000592316,-0.001257121,-0.000603417,0.000193529,-0.002024693,0.00024162,-0.000454413,-0.000575375,-0.00057737,-0.001489823,0.000199505,-0.001210552,-0.00019952,-0.000673875,1,-0.000575703,-0.000248094,-0.001550853,-0.000581425,-0.002482041
Attr44,-6.57E-05,0.000672722,-5.34E-05,-0.000901805,-0.000339549,-0.000135946,-0.000460148,-0.00156482,-0.00068831,-0.000626988,-0.000503516,-0.001674392,0.9920457450146959,-0.000460148,0.000556282,-0.001770862,-0.00158222,-0.000460148,0.8293830484094089,0.9993355631948303,-0.010467826,-0.000421401,0.8544064835321954,-0.000501853,-0.000542364,-0.001211446,-0.000545664,-0.00112727,-0.022243102,0.9997643229524096,0.8293558187869821,0.000600108,0.006062162,0.002279187,-0.000495841,-0.000731135,-0.000415861,-0.000487461,0.9375500833703146,-0.000357007,-8.64E-05,0.937440767,0.9999561902349368,1,0.000122441,-0.000463422,-0.000861696,-0.00031715,-0.999173262,-0.003461034,-0.000197796,0.001008923,-0.000449426,-0.000447285,-0.002006952,-0.99923753,-0.000346742,0.9992375304672326,0.005697125,-0.000207882,-0.000756146,0.9704828324222635,-0.005102167,-0.000515978,-0.002494868
Attr61,0.009185548,-0.002368225,-0.001285896,-0.003024346,-0.000167749,0.001204871,0.20010263603198247,0.013407353262524051,0.3616532157765606,0.24636822137016198,0.43785839781587915,0.0514574,-0.000726148,0.20010263603198247,-0.000617952,0.027454045,0.012970352960255116,0.20010263603198247,-0.000760548,-0.000706775,0.000134226,0.066890636,-0.000756552,0.046004363,0.13895671504768056,0.021616675124245626,0.007028931,-0.208227257,-0.056074363,-0.00076757,-0.000728124,-0.000856116,0.12215499150870066,0.055384706532503755,0.1692973613424173,0.363900489,-0.000960638,0.25118209365466215,-0.000459404,-0.095888059,-0.001548303,-0.000453288,-0.000743562,-0.000756146,0.000430178,-0.095730531,0.005771004,-0.367953747,0.000746267,-0.002717412,-0.000964643,-0.000908934,0.9732007783332989,0.9756267533039289,-0.003867341,0.000715553,0.001099678,-0.000715562,-0.001566052,-0.000575703,1,-0.000907205,0.1806549189692346,0.9547454624142507,-0.002533936
Attr62,-0.000848138,0.005455655,-0.005053578,-0.001617273,-0.002223599,-0.003915689,-0.000973082,-0.001837711,-0.000829295,-0.001491224,-0.000605204,-0.002208769,0.9423092216828434,-0.000973082,0.000812127,-0.002216978,-0.001860827,-0.000973082,0.7383624821191458,0.9610810947523446,-0.00044427,-0.000506693,0.7594298266950699,-0.000879743,-0.001536166,-0.001518522,-0.000512762,-0.001461762,-0.015799378,0.9752878896804993,0.738336873,0.011124951,0.004515393,0.001475958,-0.000592439,-0.000880059,-0.000417635,-0.001364738,0.8263155970325906,-0.000677361,0.000193273,0.8262328121309682,0.9681913800928789,0.9704828324222635,0.000121988,-0.001030072,-0.000962439,-0.000358761,-0.979281315,-0.004382737,0.004736018,0.014006955051194515,-0.000539354,-0.000537739,-0.005743117,-0.960359867,-0.000528036,0.9603598692409164,0.00532241,-0.000248094,-0.000907205,1,-0.006184514,-0.000619166,-0.002679078
Attr13,0.000667291,-0.002873182,0.003570372,0.084244988,-4.06E-05,0.002843558,-2.69E-05,-0.000573859,-0.000686665,-5.17E-05,-0.000381623,0.038649854844139395,1,-2.69E-05,0.000429926,-0.001105086,-0.000623488,-2.69E-05,0.8913547360981344,0.9944405574461384,-0.00042619,-0.00032432,0.9122769678723521,-0.000165737,0.000142632,-0.000760597,0.000179932,-0.00103768,-0.022264252,0.9904389390461433,0.8913295864589795,-0.000790143,0.006059909,0.00231003,-0.00039859,-0.000725073,-0.000448275,8.883626976730116e-05,0.959588709,0.089006488,-0.000354813,0.95800106,0.9927865977051175,0.9920457450146959,0.000149705,0.087154879,-0.000779298,-0.000237523,-0.988168341,-0.00146227,-0.003796535,-0.002151626,-0.00042802,-0.000425723,-0.000773522,-0.99456599,-0.000244238,0.9945659873678293,0.005715486,-0.000203119,-0.000726148,0.9423092216828434,-0.00499505,-0.000500018,-0.00286246
Attr48,0.4909845267591105,-0.100450773,-0.001387588,0.019014492560886154,1.3721217624896458e-05,-0.043258106,0.8974135779152634,-0.028598636,0.2447797893846376,0.3106891494924798,0.9000983325723929,0.038661536,-0.000237523,0.8974135779152634,-0.000396747,-0.032599258,-0.00096533,0.8974135779152634,0.000186244,-0.000301948,-1.93E-05,0.9712548783977956,5.9114810989319594e-05,0.8478749705261425,-0.146171253,-0.002076451,0.015470706844016384,0.013086406308698844,-0.061352657,-0.000315606,0.000159442,-0.00325841,-0.00991662,-0.07182025,0.7603350606164571,0.24486502617343356,-0.000937916,0.3106888923577436,0.000370285,0.075233001,-0.000785178,0.000414159,-0.000313286,-0.00031715,0.000619038,0.082495777,-0.010891925,1,0.000509225,-0.000683161,0.000474254,-0.005258254,0.032195856292307055,0.031464065,-0.000810796,0.000301999,0.001187126,-0.000302071,-0.000755636,-0.000603417,-0.367953747,-0.000358761,-0.058943678,0.062379030267960225,-0.003163995
Attr21,-0.004888819,-0.003276675,0.011005556670593337,0.005266817,-0.000163172,-0.000658373,-0.000823192,0.004638692,-0.000842249,-0.00057241,-0.000853925,-3.34E-05,-0.00042619,-0.000823192,-0.000659856,1.5752631200029796e-05,0.004368334,-0.000823192,-0.00048035,-0.010403828,1,-0.00025169,-0.000497753,-0.000969028,0.000163702,-0.000246256,-0.000872164,0.002635595,-0.005394791,0.001089235,-0.00049189,-0.000854445,0.032144695,-0.00051627,-0.000258439,-0.000506702,-0.000646527,-0.000519129,-0.000118156,0.006125793,-0.001221902,0.000127841,-0.012282125,-0.010467826,0.000315451,0.006372947,-0.001358565,-1.93E-05,-0.000877586,0.021278800369177463,-0.010846122,-0.000893632,-0.000569674,-0.000573051,-0.006910541,-0.000460403,0.011631335837331315,0.000173891,-0.049362295,-0.000389425,0.000134226,-0.00044427,0.028313600975486113,-0.000618736,-0.003891936
Attr37,-0.000551039,-0.032585481,0.008607202,0.000514344,-0.000245458,0.005073132,-0.001967386,0.025127792,-0.002800982,-0.000947744,-0.002054229,-0.000882963,-0.000448275,-0.001967386,-0.000113954,0.006145651,0.025934395794469493,-0.001967386,-0.000554537,-0.000417158,-0.000646527,-0.002291707,-0.000543149,-0.001498571,0.003273446,0.006187741,-0.000695022,-0.000261312,0.047093597,-0.000420115,-0.000560122,-0.000906939,0.000149443,-0.015184844,-0.002339233,-0.003041414,1,-0.001558657,-0.000466739,-0.000107848,-0.000704866,-0.000458418,-0.000416194,-0.000415861,-0.000901711,0.000729139,-0.001275795,-0.000937916,0.000402673,0.024523516442498675,-0.019405053,-0.00098356,-0.001404651,-0.001391987,0.042534302304423934,0.000416011,-0.001548256,-0.000416022,-0.001518468,-0.001693009,-0.000960638,-0.000417635,-0.001416103,-0.001628412,-0.003910285
Attr23,0.003742542,-0.018350231,0.019264021018448353,0.39436987355041897,-0.000351664,0.015581029,0.001627356,0.003466469,-0.000766025,0.002305227,-9.18E-05,0.18564086989159642,0.9122769678723521,0.001627356,0.000744311,0.001367919,0.003283388,0.001627356,0.9981232309158019,0.8641871583300055,-0.000497753,-9.48E-05,1,0.001052259,0.003056494,0.000970189,0.000297348,-0.000636879,-0.016887254,0.849969864,0.998110936,-0.005292663,0.004848629,0.001975411,-0.000188039,-0.000787855,-0.000543149,0.002429379,0.9017078030354088,0.4144747978243646,-0.00094238,0.8947608808912368,0.8570267043381262,0.8544064835321954,0.000283132,0.40633443835931615,-0.001024157,5.9114810989319594e-05,-0.843637777,0.00652047,-0.019379377,-0.010957169,-0.000504733,-0.000503019,0.002503343,-0.864865028,0.000127372,0.8648650007950298,0.005006541,-0.000200817,-0.000756552,0.7594298266950699,-0.004565402,-0.000582768,-0.004350056
Attr31,0.003745365,-0.017815933,0.018690378878375456,0.4440291032103917,-0.000602733,0.015366618899371517,0.001767668,0.003790199,-0.000722344,0.002332298,0.000103168,0.20912272787084632,0.8913295864589795,0.001767668,0.000690749,0.00164802,0.003584647,0.001767668,0.9999868211501183,0.8386470161819787,-0.00049189,3.77895157224358e-05,0.998110936,0.001224919,0.003000121,0.001084009,0.000191054,-0.000652111,-0.015137793,0.8254266067445832,1,-0.002232731,0.004247095,0.00165132,-4.21E-05,-0.000743229,-0.000560122,0.002451758,0.873576842,0.4666741832416715,-0.000877385,0.8657711758162457,0.8318471556553906,0.8293558187869821,0.000303211,0.4574766365312812,-0.001012422,0.000159442,-0.819338673,0.007682695,-0.018799816,-0.008686698,-0.000414417,-0.000412519,0.002327153,-0.839292657,0.000123631,0.8392926569251767,0.004798726,-0.00021886,-0.000728124,0.738336873,-0.004858331,-0.000511328,-0.004413843
Attr19,0.003725507,-0.017806073,0.018682967,0.44400410328276835,-0.000607104,0.015322641469339796,0.001738812,0.003713756,-0.000723681,0.002310017,7.343787297119725e-05,0.20884272086017439,0.8913547360981344,0.001738812,0.0006927,0.001364983,0.003513438,0.001738812,1,0.8386743740338375,-0.00048035,4.365771872190565e-05,0.9981232309158019,0.001198125,0.002997219,0.000879819,0.000214469,-0.000640799,-0.015118232,0.8254538779968904,0.9999868211501183,-0.002267118,0.004308311,0.001660077,-3.50E-05,-0.000743312,-0.000554537,0.002429637,0.873604311,0.4666546568410557,-0.001011568,0.8657998132910824,0.8318744216635792,0.8293830484094089,0.000298896,0.4574541011165777,-0.001069583,0.000186244,-0.819365011,0.00757982,-0.018789707,-0.008724666,-0.00044782,-0.000446165,0.002328298,-0.839320015,0.000105151,0.8393199977964826,0.004824115,-0.000215999,-0.000760548,0.7383624821191458,-0.004836401,-0.000537905,-0.004444712
Attr27,0.008489168,-0.005002541,0.00285231,0.017430288780070458,-5.02E-05,-0.000499795,0.015347607809464743,0.011355792761053387,0.006663134,0.005529151,0.014665950232450207,0.047604397469082904,0.000179932,0.015347607809464743,-0.001380451,0.046740887,0.010819837009024117,0.015347607809464743,0.000214469,-0.004404706,-0.000872164,0.015482599556585326,0.000297348,0.020491627521091484,-0.00115084,0.030323640286376907,1,0.014976712552834772,-0.040634938,-0.000605395,0.000191054,-0.001358948,0.040952162889032494,0.046744821,0.016185195185718464,0.006540195,-0.000695022,0.005439053,0.001278898,0.003847673,-0.001443557,0.001307699,-0.000652845,-0.000545664,0.002396896,0.017349177,-0.002256856,0.015470706844016384,0.00134981,0.056207875,-0.001540365,-0.002030894,0.000578747,0.000566207,-0.002353489,0.001207719,0.019456355,-0.001230618,-0.001361036,-0.000104862,0.007028931,-0.000512762,0.047924245,0.001602073,-0.0046503
Attr22,0.463856469,-0.10625542,-0.001170499,0.025307323189720805,0.000132245,0.021721513226202475,0.9574648659695536,-0.029095283,0.3055004757097345,0.41617748741070953,0.9627876066575338,0.12294963181634128,-0.00032432,0.9574648659695536,-0.000626891,-0.030175213,-0.001415489,0.9574648659695536,4.365771872190565e-05,-0.000389797,-0.00025169,1,-9.48E-05,0.9084028371786554,-0.072883459,-0.000229461,0.015482599556585326,0.0043722,-0.094060385,-0.000423864,3.77895157224358e-05,-0.000560217,0.10243620831505192,-0.073120202,0.7990896265188941,0.30555651343755935,-0.002291707,0.41621137814918874,0.000300722,0.008644289,-0.001414071,0.000344967,-0.000413338,-0.000421401,0.000650147,0.022361343777364085,-0.000175704,0.9712548783977956,0.00057994,-0.001644318,-0.00034836,-0.000928232,0.14259335398836104,0.14194422532891127,-0.00206127,0.000396363,0.000802906,-0.000396429,-0.001061228,-0.000720675,0.066890636,-0.000506693,0.11391386925733454,0.15719756422779999,-0.005379476
Attr41,-0.005399471,0.039238933,-0.038765289,-0.002639165,-0.25110269,-0.031076789,-0.00441314,-0.003036595,-0.001758454,-0.008010236,-0.001045835,-0.000994839,-0.000354813,-0.00441314,0.14917603837045285,-0.004221303,-0.003179123,-0.00441314,-0.001011568,-0.000186493,-0.001221902,-0.001414071,-0.00094238,-0.003132635,-0.008932765,-0.002837138,-0.001443557,-0.002313455,0.002570244,8.764053591515325e-05,-0.000877385,0.070193927,-0.0090785,-0.00411035,-0.001557178,-0.001888574,-0.000704866,-0.007935861,0.000207898,-0.001788266,1,0.000206169,-0.000112083,-8.64E-05,0.00049333,-0.001927378,-0.001147183,-0.000785178,0.000290076,-0.007156236,0.038699695657427445,0.08169046,-0.001460873,-0.001462857,-0.002335094,0.000180449,-0.003647161,-0.000180409,0.012554348906167606,-0.000768681,-0.001548303,0.000193273,-0.007369173,-0.001587054,-0.006035393
Attr11,0.39793636493325973,-0.103102085,-0.001076049,0.032167705,0.000176467,0.1782794178627306,0.9943885019296681,-0.02915726,0.38326174679358893,0.5261702691422688,1,0.14926831586719572,-0.000381623,0.994388502,-0.00072719,-0.029560615,-0.001327322,0.994388502,7.343787297119725e-05,-0.000462619,-0.000853925,0.9627876066575338,-9.18E-05,0.964060696,0.004527558,0.000304482,0.014665950232450207,0.001366863,-0.120204325,-0.000506816,0.000103168,-0.000732104,0.13632067230658243,-0.073211033,0.7930143333288481,0.3832959107106606,-0.002054229,0.5262073861590452,0.000200476,-0.022117721,-0.001045835,0.0002377,-0.000493077,-0.000503516,0.000708713,-0.007869502,0.001096203,0.9000983325723929,0.000646415,-0.001161034,-0.000933343,-0.001167755,0.1935698247758566,0.1928606049840731,-0.002572556,0.000474338,0.000679422,-0.000474391,-0.001364694,-0.000808713,0.43785839781587915,-0.000605204,0.1768398682971232,0.20053021032293195,-0.006281663
Attr35,-0.059102099,-0.114209571,-0.002147015,0.023343838348066817,0.000116301,0.024477669363909615,0.7848363317364334,-0.028946658,0.547964498,0.5176842615949199,0.7930143333288481,0.11969946855734856,-0.00039859,0.7848363317364334,-0.000969763,-0.03005355,-0.001421994,0.7848363317364334,-3.50E-05,-0.000464617,-0.000258439,0.7990896265188941,-0.000188039,0.8291083162335026,0.15654778985539633,-0.000227909,0.016185195185718464,0.003862854,-0.122607893,-0.000497196,-4.21E-05,1.1253549913926997e-05,0.10764249800579095,-0.072776689,1,0.5480473637790384,-0.002339233,0.5177213978729872,0.000333827,-0.001604495,-0.001557178,0.000315267,-0.000487885,-0.000495841,0.00076405,0.012027456699369258,-0.00044979,0.7603350606164571,0.000660205,-0.001664493,0.000210343,-0.000627392,0.13489988049616608,0.13434760039567578,-0.002571115,0.000466415,8.873353903319858e-05,-0.00046637,-0.00120738,-0.000864415,0.1692973613424173,-0.000592439,0.12671773528892047,0.16921771223349502,-0.006579743
Attr36,-0.561856477,-0.073245269,-0.000753138,-0.026979236,0.000586846,0.082072939,0.3659466172029318,-0.031577486,0.999915626,0.9121174637383268,0.3832959107106606,0.039670366293402974,-0.000725073,0.3659466172029318,-0.000736991,-0.034794745,-0.004288346,0.3659466172029318,-0.000743312,-0.000673786,-0.000506702,0.30555651343755935,-0.000787855,0.4514007144738225,0.8296413798912173,-0.003666332,0.006540195,-0.005320438,-0.198017225,-0.00074356,-0.000743229,-0.001981276,0.22159523111099144,-0.071710841,0.5480473637790384,1,-0.003041414,0.9121037099344855,-0.000430138,-0.090643962,-0.001888574,-0.000424556,-0.000716499,-0.000731135,0.000466718,-0.08914531,0.00114345,0.24486502617343356,0.000756803,-0.00672454,-0.003041924,-0.002740067,0.19419963393876877,0.19348937968321223,-0.005225525,0.000690836,-0.001851795,-0.000690833,-0.001990294,-0.00057179,0.363900489,-0.000880059,0.24845914867019953,0.2553987167549957,-0.006869525
Attr47,5.110932322045661e-05,-0.000522615,0.001652368,0.00012354,0.014911644612768086,0.001466069,0.001108498,-0.001656004,0.001728844,0.002360495,0.001096203,-0.00309902,-0.000779298,0.001108498,-0.000542726,0.021445497994933373,-0.001764637,0.001108498,-0.001069583,-0.000818239,-0.001358565,-0.000175704,-0.001024157,0.001040085,0.001261926,0.015440956016906923,-0.002256856,0.016165291333981462,-0.008125275,-0.00087778,-0.001012422,0.43039436211651316,-0.017573563,-0.010218088,-0.00044979,0.00114345,-0.001275795,0.002331922,-0.000728215,-0.001446101,-0.001147183,-0.000719411,-0.000850645,-0.000861696,0.000772099,-0.001928919,1,-0.010891925,0.000670259,0.002991984,-0.000362681,0.6725211220030359,0.003914127,0.003918659,-0.001274844,0.000844437,-0.000608509,-0.000844431,9.930426016415199e-05,-0.001257121,0.005771004,-0.000962439,-0.005582141,0.003727423,-0.006869695
Attr54,-0.008156959,-0.065867538,-0.014253313,-0.001899797,-0.000295986,0.10493228336133818,0.18349189944344313,-0.076632894,0.193579313,0.30777493519103893,0.1928606049840731,0.049229644,-0.000425723,0.18349189944344313,-0.000607244,-0.07737754,-0.002784434,0.18349189944344313,-0.000446165,-0.000393232,-0.000573051,0.14194422532891127,-0.000503019,0.17200655147967817,0.22290759424306478,-0.005924636,0.000566207,-0.061629183,-0.11089602,-0.000453511,-0.000412519,-0.002659255,0.11921406709579836,-0.19085689,0.13434760039567578,0.19348937968321223,-0.001391987,0.30817288007277305,-0.000281517,-0.098034289,-0.001462857,-0.000272327,-0.00043346,-0.000447285,0.000354409,-0.096520232,0.003918659,0.031464065,0.00043582,-0.001664459,-0.031914635,-0.002709128,0.9999168607588876,1,-0.004198098,0.000421117,-0.001488918,-0.000421112,-0.001492935,-0.00057737,0.9756267533039289,-0.000537739,0.18040739288042923,0.9734371208887322,-0.006978243
Attr53,-0.008173581,-0.066144405,-0.014079911,-0.001872909,-0.000296363,0.10548901524492948,0.1841434658859266,-0.07647985,0.19428985972652163,0.30889810484539976,0.1935698247758566,0.049286405726052904,-0.00042802,0.1841434658859266,-0.000609999,-0.077242803,-0.00260981,0.1841434658859266,-0.00044782,-0.000395525,-0.000569674,0.14259335398836104,-0.000504733,0.1728076323151148,0.22385650047579758,-0.005817024,0.000578747,-0.059423767,-0.110925855,-0.00045563,-0.000414417,-0.002653734,0.11925410307634128,-0.190707623,0.13489988049616608,0.19419963393876877,-0.001404651,0.3092813056591536,-0.000283909,-0.098019399,-0.001460873,-0.000274623,-0.00043564,-0.000449426,0.00035304,-0.096500362,0.003914127,0.032195856292307055,0.000438178,-0.001290353,-0.032058433,-0.002703692,1,0.9999168607588876,-0.004196689,0.000423342,-0.001490291,-0.000423337,-0.001495353,-0.000575375,0.9732007783332989,-0.000539354,0.18045959058834435,0.9733095590261621,-0.006979839
Attr9,-0.561938553,-0.073338275,-0.000663692,-0.01372946,0.003073894,0.081818073,0.3658997421380576,-0.030112409,1,0.9121493716705278,0.38326174679358893,0.059209929360863556,-0.000686665,0.3658997421380576,-0.000736854,-0.033687034,-0.002840601,0.3658997421380576,-0.000723681,-0.000631927,-0.000842249,0.3055004757097345,-0.000766025,0.4513248856896893,0.8296460014041324,-0.002568288,0.006663134,-0.005343502,-0.19832969,-0.000700107,-0.000722344,-0.001652013,0.18304884491963075,-0.069991261,0.547964498,0.999915626,-0.002800982,0.9121392064332102,-0.000434587,-0.080058232,-0.001758454,-0.000429779,-0.000673917,-0.00068831,0.000431368,-0.076667153,0.001728844,0.2447797893846376,0.000704133,-0.005728107,-0.003173137,-0.002252596,0.19428985972652163,0.193579313,-0.00516161,0.00065004,-0.001833996,-0.000650035,-0.001744201,-0.000538869,0.3616532157765606,-0.000829295,0.22159465665859493,0.2554737372960965,-0.007060737
Attr64,-0.041161316,-0.104068845,-0.01811085,-0.002469284,0.000217688,0.075932621,0.1935539122374091,-0.066053994,0.2554737372960965,0.32221053482586687,0.20053021032293195,0.048650816403608146,-0.000500018,0.1935539122374091,-0.000263654,-0.066718381,-0.0054737,0.1935539122374091,-0.000537905,-0.00045974,-0.000618736,0.15719756422779999,-0.000582768,0.19557309143388116,0.2333408362469212,-0.006356315,0.001602073,-0.051689596,-0.121352895,-0.000523117,-0.000511328,-0.002834785,0.11906357617714157,-0.157522049,0.16921771223349502,0.2553987167549957,-0.001628412,0.3226042937496702,-0.000335885,-0.098024187,-0.001587054,-0.000327279,-0.0005016,-0.000515978,0.000413151,-0.096477817,0.003727423,0.062379030267960225,0.000506061,-0.006088626,-0.031346933,-0.002891646,0.9733095590261621,0.9734371208887322,-0.004460875,0.00048627,-0.001641643,-0.000486264,-0.001673653,-0.000581425,0.9547454624142507,-0.000619166,0.17984342258635017,1,-0.007197652
Attr26,0.033544216964437414,-0.007001235,0.005629403,0.1278942768249804,0.001166522,0.00571127,0.000734221,0.9410821493766385,-0.002568288,-0.001602452,0.000304482,0.8647843156492446,-0.000760597,0.000734221,-0.00179623,0.9809245474775872,0.9463116114289968,0.000734221,0.000879819,-0.001169919,-0.000246256,-0.000229461,0.000970189,0.000555143,0.002664576,1,0.030323640286376907,0.012727080654865702,-0.014241413,-0.001246724,0.001084009,0.003140777,0.3224989339797467,0.4629668065926316,-0.000227909,-0.003666332,0.006187741,-0.002046815,1.0263921730460803e-05,0.081933038,-0.002837138,3.248411008700182e-05,-0.001200935,-0.001211446,0.007302093,0.11792938854001489,0.015440956016906923,-0.002076451,0.001386108,0.3304142459838063,-0.006082684,0.005794608,-0.005817024,-0.005924636,0.00841311,0.001150848,0.006536907,-0.001150925,-0.003495665,-0.003345523,0.021616675124245626,-0.001518522,0.5221171719502827,-0.006356315,-0.010476665
Attr1,1,-0.155931989,0.15991262069413825,0.014650320417686056,0.008364021,0.129867908,0.4220680581100141,0.016006674353047323,-0.561938553,-0.34901065,0.39793636493325973,0.053170076,0.000667291,0.4220680581100141,0.000146143,0.047888277548060014,0.015390310340665481,0.4220680581100141,0.003725507,-6.81E-05,-0.004888819,0.463856469,0.003742542,0.26620459765758003,-0.646807728,0.033544216964437414,0.008489168,0.004493335,0.087484503,-0.000417294,0.003745365,-0.13895299,0.042241177,0.039684184575367785,-0.059102099,-0.561856477,-0.000551039,-0.349052666,0.00063439,0.005682384,-0.005399471,0.000723881,-6.63E-05,-6.57E-05,0.001045523,0.011965670211181846,5.110932322045661e-05,0.4909845267591105,0.000252534,0.036325097,-0.158139024,-0.10093124,-0.008173581,-0.008156959,0.002983282,6.056774633480936e-05,0.004398057,-6.08E-05,0.000287457,-0.000374998,0.009185548,-0.000848138,0.04942702,-0.041161316,-0.010643361
Attr24,0.26620459765758003,-0.176282786,0.054340573,0.020564152879065073,0.003047826,0.25448975695112436,0.9721302580018498,-0.020766094,0.4513248856896893,0.5517280150344376,0.964060696,0.062333223823520974,-0.000165737,0.9721302580018498,-0.000735615,-0.02270718,-0.000441843,0.9721302580018498,0.001198125,-0.000461966,-0.000969028,0.9084028371786554,0.001052259,1,0.032555130222019536,0.000555143,0.020491627521091484,0.001107289,-0.115893987,-0.00063441,0.001224919,-0.049045157,0.047714981810620595,-0.057792201,0.8291083162335026,0.4514007144738225,-0.001498571,0.5517599181097145,0.000313055,0.009510417,-0.003132635,0.000348682,-0.000491673,-0.000501853,0.000756803,0.017768216297434754,0.001040085,0.8478749705261425,0.000674229,-0.000476846,-0.056651222,-0.036694921,0.1728076323151148,0.17200655147967817,-0.001502874,0.000472029,0.000379004,-0.000472108,-0.001269971,-0.00071887,0.046004363,-0.000879743,0.055918182,0.19557309143388116,-0.01080747
Attr7,0.4220680581100141,-0.193355231,0.087042563,0.014724682226025696,0.004791963,0.24986260797487386,1,-0.027134969,0.3658997421380576,0.5168190263888218,0.9943885019296681,0.060901823,-2.69E-05,1,-0.000618055,-0.027543749,-0.00082842,1,0.001738812,-0.000421627,-0.000823192,0.9574648659695536,0.001627356,0.9721302580018498,-0.007198642,0.000734221,0.015347607809464743,0.000968799,-0.107858797,-0.000658248,0.001767668,-0.077455455,0.058674580583188404,-0.069424555,0.7848363317364334,0.3659466172029318,-0.001967386,0.5168622422958927,0.000218094,-0.008354396,-0.00441314,0.000272913,-0.000450313,-0.000460148,0.000944637,-0.001714197,0.001108498,0.8974135779152634,0.000603164,-0.000224218,-0.088994524,-0.057263356,0.1841434658859266,0.18349189944344313,-0.002078872,0.000432448,0.000827616,-0.000432556,-0.001245593,-0.000775448,0.20010263603198247,-0.000973082,0.074479261,0.1935539122374091,-0.012166822
Attr14,0.4220680581100141,-0.193355231,0.087042563,0.014724682226025696,0.004791963,0.24986260797487386,1,-0.027134969,0.3658997421380576,0.5168190263888218,0.994388502,0.060901823,-2.69E-05,1,-0.000618055,-0.027543749,-0.00082842,1,0.001738812,-0.000421627,-0.000823192,0.9574648659695536,0.001627356,0.9721302580018498,-0.007198642,0.000734221,0.015347607809464743,0.000968799,-0.107858797,-0.000658248,0.001767668,-0.077455455,0.058674580583188404,-0.069424555,0.7848363317364334,0.3659466172029318,-0.001967386,0.5168622422958927,0.000218094,-0.008354396,-0.00441314,0.000272913,-0.000450313,-0.000460148,0.000944637,-0.001714197,0.001108498,0.8974135779152634,0.000603164,-0.000224218,-0.088994524,-0.057263356,0.1841434658859266,0.18349189944344313,-0.002078872,0.000432448,0.000827616,-0.000432556,-0.001245593,-0.000775448,0.20010263603198247,-0.000973082,0.074479261,0.1935539122374091,-0.012166822
Attr18,0.4220680581100141,-0.193355231,0.087042563,0.014724682226025696,0.004791963,0.24986260797487386,1,-0.027134969,0.3658997421380576,0.5168190263888218,0.994388502,0.060901823,-2.69E-05,1,-0.000618055,-0.027543749,-0.00082842,1,0.001738812,-0.000421627,-0.000823192,0.9574648659695536,0.001627356,0.9721302580018498,-0.007198642,0.000734221,0.015347607809464743,0.000968799,-0.107858797,-0.000658248,0.001767668,-0.077455455,0.058674580583188404,-0.069424555,0.7848363317364334,0.3659466172029318,-0.001967386,0.5168622422958927,0.000218094,-0.008354396,-0.00441314,0.000272913,-0.000450313,-0.000460148,0.000944637,-0.001714197,0.001108498,0.8974135779152634,0.000603164,-0.000224218,-0.088994524,-0.057263356,0.1841434658859266,0.18349189944344313,-0.002078872,0.000432448,0.000827616,-0.000432556,-0.001245593,-0.000775448,0.20010263603198247,-0.000973082,0.074479261,0.1935539122374091,-0.012166822
Attr28,0.004493335,-0.017878033,0.12815653562336754,0.017848045107577665,-0.000859664,-4.18E-05,0.000968799,0.005107639,-0.005343502,-0.002955193,0.001366863,0.012829414762830515,-0.00103768,0.000968799,0.000962545,0.021266756110030767,0.004500371,0.000968799,-0.000640799,-0.001092779,0.002635595,0.0043722,-0.000636879,0.001107289,0.000189531,0.012727080654865702,0.014976712552834772,1,-0.047985213,-0.00119432,-0.000652111,-0.002049624,-0.006398544,0.024624817282845483,0.003862854,-0.005320438,-0.000261312,-0.003325083,-0.000482744,0.028301922,-0.002313455,-0.0004651,-0.001118555,-0.00112727,0.001839106,0.035418182,0.016165291333981462,0.013086406308698844,0.00123926,0.054990527383146734,-0.03972456,-0.002154033,-0.059423767,-0.061629183,0.006381827,0.001085896,0.008899351,-0.001085929,-0.003128592,-0.000800201,-0.208227257,-0.001461762,-0.015727403,-0.051689596,-0.013572621
Attr16,0.047888277548060014,-0.007248815,0.008772934,0.1573792411090253,0.001627535,0.007642726,-0.027543749,0.9119749576702085,-0.033687034,-0.036662386,-0.029560615,0.8883639191997749,-0.001105086,-0.027543749,-0.002572407,1,0.9079041343928697,-0.027543749,0.001364983,-0.001710442,1.5752631200029796e-05,-0.030175213,0.001367919,-0.02270718,-0.030931522,0.9809245474775872,0.046740887,0.021266756110030767,-0.021389466,-0.001822032,0.00164802,0.004197604,0.4184719861722626,0.5596624966157334,-0.03005355,-0.034794745,0.006145651,-0.037299679,-0.000101931,0.09410044,-0.004221303,-6.92E-05,-0.00175557,-0.001770862,0.007682027,0.1413067434205995,0.021445497994933373,-0.032599258,0.002009318,0.40224061693934765,-0.008538259,0.0078293,-0.077242803,-0.07737754,0.014606265419183586,0.001684263,0.009365959,-0.001684378,-0.005025642,-0.003468996,0.027454045,-0.002216978,0.6100024887277041,-0.066718381,-0.013810159
Attr12,0.053170076,-0.010755102,0.009147028,0.539527418,-3.55E-05,0.007538437,0.060901823,0.7912986965669766,0.059209929360863556,0.018341033435998792,0.14926831586719572,1,0.038649854844139395,0.060901823,-0.002346683,0.8883639191997749,0.7910862620316232,0.060901823,0.20884272086017439,-0.001760042,-3.34E-05,0.12294963181634128,0.18564086989159642,0.062333223823520974,0.012991918307573375,0.8647843156492446,0.047604397469082904,0.012829414762830515,-0.022457375,5.65910152763441e-05,0.20912272787084632,0.012244690721394065,0.4160180631883844,0.5214256924123951,0.11969946855734856,0.039670366293402974,-0.000882963,0.017226850560352037,8.018459509591145e-05,0.4940657351889834,-0.000994839,-0.006624133,-0.001696601,-0.001674392,0.008144345,0.530668854,-0.00309902,0.038661536,0.00044858,0.3762487005253514,-0.009068044,0.003975444,0.049286405726052904,0.049229644,0.013319149091592116,0.001731281,0.010947424,-0.00173139,-0.004057331,-0.003787128,0.0514574,-0.002208769,0.5770433588030538,0.048650816403608146,-0.017332458
Attr38,-0.349052666,-0.221320723,0.15558627148689327,0.008849309,0.008625028,0.3073590835878767,0.5168622422958927,-0.03229223,0.9121392064332102,0.9999902286267423,0.5262073861590452,0.017226850560352037,8.883626976730116e-05,0.5168622422958927,-0.000949536,-0.037299679,0.000546516,0.5168622422958927,0.002429637,-0.000423425,-0.000519129,0.41621137814918874,0.002429379,0.5517599181097145,0.8393974942501017,-0.002046815,0.005439053,-0.003325083,-0.198078262,-0.000845496,0.002451758,-0.137474509,0.03392961,-0.085835944,0.5177213978729872,0.9121037099344855,-0.001558657,1,-0.000380859,-0.011619079,-0.007935861,-0.000336076,-0.000471077,-0.000487461,0.000867653,-0.008573935,0.002331922,0.3106888923577436,0.000475106,0.000698918,-0.159707626,-0.102322442,0.3092813056591536,0.30817288007277305,-0.003751006,0.000451937,-0.0021595,-0.000452014,-0.001690069,-0.000718267,0.25118209365466215,-0.001364738,0.044082316635178816,0.3226042937496702,-0.018670581
Attr10,-0.34901065,-0.221382953,0.15559078228201734,0.009600865,0.00856147,0.30738663022189305,0.5168190263888218,-0.031688716,0.9121493716705278,1,0.5261702691422688,0.018341033435998792,-5.17E-05,0.5168190263888218,-0.000948041,-0.036662386,0.001150448,0.5168190263888218,0.002310017,-0.000564389,-0.00057241,0.41617748741070953,0.002305227,0.5517280150344376,0.8394379137484627,-0.001602452,0.005529151,-0.002955193,-0.198487227,-0.000984772,0.002332298,-0.137429624,0.034814927,-0.085058048,0.5176842615949199,0.9121174637383268,-0.000947744,0.9999902286267423,-0.000522095,-0.010694726,-0.008010236,-0.000477344,-0.00061099,-0.000626988,0.00084108,-0.007387882,0.002360495,0.3106891494924798,0.000613944,0.002130025,-0.159653921,-0.102283908,0.30889810484539976,0.30777493519103893,-0.003653052,0.000592894,-0.002167229,-0.000592971,-0.001964183,-0.000679324,0.24636822137016198,-0.001491224,0.044756887064096175,0.32221053482586687,-0.018709004
Attr25,-0.646807728,-0.195783591,0.18962170856453606,0.008565314,0.010265396579367451,0.19166251682792165,-0.007198642,-0.030080768,0.8296460014041324,0.8394379137484627,0.004527558,0.012991918307573375,0.000142632,-0.007198642,-0.000771422,-0.030931522,0.007512636,-0.007198642,0.002997219,-0.000493779,0.000163702,-0.072883459,0.003056494,0.032555130222019536,1,0.002664576,-0.00115084,0.000189531,-0.156909584,-0.000972734,0.003000121,-0.166483554,0.019411797240576723,-0.084473054,0.15654778985539633,0.8296413798912173,0.003273446,0.8393974942501017,-0.000530137,-0.001493585,-0.008932765,-0.00049605,-0.000529955,-0.000542364,0.000808307,0.00130686,0.001261926,-0.146171253,0.000516619,0.014211323642561544,-0.192767947,-0.12332498,0.22385650047579758,0.22290759424306478,-0.002077909,0.000516122,-0.002011422,-0.000516196,-0.00156496,-0.000494605,0.13895671504768056,-0.001536166,0.023581197237554707,0.2333408362469212,-0.019281709
Attr55,0.002983282,-0.009708698,0.010826532,0.02173932,0.002832355,0.004541194,-0.002078872,0.019479598,-0.00516161,-0.003653052,-0.002572556,0.013319149091592116,-0.000773522,-0.002078872,-0.000681282,0.014606265419183586,0.019795008834297675,-0.002078872,0.002328298,-0.001487245,-0.006910541,-0.00206127,0.002503343,-0.001502874,-0.002077909,0.00841311,-0.002353489,0.006381827,0.22680649512623594,-0.002442075,0.002327153,-0.00636771,0.008997992,-0.009681273,-0.002571115,-0.005225525,0.042534302304423934,-0.003751006,0.003554193,0.012435357,-0.002335094,0.003585011,-0.001873737,-0.002006952,0.001453907,0.018098301848026077,-0.001274844,-0.000810796,0.002710138,0.053394453257616055,-0.0092789,-0.008495097,-0.004196689,-0.004198098,1,0.001454478,0.002402633,-0.001454511,-0.004639116,-0.001489823,-0.003867341,-0.005743117,0.010696575928669703,-0.004460875,-0.022040154
Attr29,0.087484503,-0.0503532,0.053899467,-0.004225486,-0.002678803,0.011511432040641182,-0.107858797,0.01635172,-0.19832969,-0.198487227,-0.120204325,-0.022457375,-0.022264252,-0.107858797,-0.02446723,-0.021389466,0.013788867595297058,-0.107858797,-0.015118232,-0.023153481,-0.005394791,-0.094060385,-0.016887254,-0.115893987,-0.156909584,-0.014241413,-0.040634938,-0.047985213,1,-0.021802077,-0.015137793,-0.047979026,-0.141349466,-0.164331449,-0.122607893,-0.198017225,0.047093597,-0.198078262,-0.028679552,0.011132779,0.002570244,-0.029096979,-0.022479724,-0.022243102,0.011077206165053732,0.003938966,-0.008125275,-0.061352657,0.021393658440555827,-0.055652986,-0.064071755,-0.030668442,-0.110925855,-0.11089602,0.22680649512623594,0.023280461735606103,-0.02501185,-0.023280398,0.023429962,-0.014575767,-0.056074363,-0.015799378,-0.133586713,-0.121352895,-0.041747888
Attr6,0.129867908,-0.772227393,0.7811936550545628,0.003946416,0.040983857,1,0.24986260797487386,0.006004831,0.081818073,0.30738663022189305,0.1782794178627306,0.007538437,0.002843558,0.24986260797487386,-5.17E-05,0.007642726,0.006059242,0.24986260797487386,0.015322641469339796,-0.000108488,-0.000658373,0.021721513226202475,0.015581029,0.25448975695112436,0.19166251682792165,0.00571127,-0.000499795,-4.18E-05,0.011511432040641182,-0.001878092,0.015366618899371517,-0.681691741,0.008484514,0.001917871,0.024477669363909615,0.082072939,0.005073132,0.3073590835878767,0.000842914,0.001461276,-0.031076789,0.000987261,-0.000128911,-0.000135946,0.002356388,0.002964645,0.001466069,-0.043258106,0.000391802,0.009807414,-0.782377296,-0.499248849,0.10548901524492948,0.10493228336133818,0.004541194,0.0001179,0.000411371,-0.000118233,-6.63E-05,-0.000172178,0.001204871,-0.003915689,0.008937191,0.075932621,-0.052311052
Attr57,0.004398057,-0.000743265,0.002130084,0.001944482,0.00027421,0.000411371,0.000827616,0.001209095,-0.001833996,-0.002167229,0.000679422,0.010947424,-0.000244238,0.000827616,0.000853986,0.009365959,0.001156134,0.000827616,0.000105151,-0.000326807,0.011631335837331315,0.000802906,0.000127372,0.000379004,-0.002011422,0.006536907,0.019456355,0.008899351,-0.02501185,-0.000362332,0.000123631,-0.001146674,0.008196996,0.008590795,8.873353903319858e-05,-0.001851795,-0.001548256,-0.0021595,9.521048401628651e-05,0.000473067,-0.003647161,0.000141729,-0.000341667,-0.000346742,0.001521257,0.001671021,-0.000608509,0.001187126,0.000427592,0.004173966,-0.001311038,-0.001436698,-0.001490291,-0.001488918,0.002402633,0.000313545,1,-0.000313814,-0.268690935,-0.001210552,0.001099678,-0.000528036,0.009669737,-0.001641643,-0.060031781
Attr3,0.15991262069413825,-0.985781698,1,0.011218676370863222,0.052915681579549345,0.7811936550545628,0.087042563,0.007716821,-0.000663692,0.15559078228201734,-0.001076049,0.009147028,0.003570372,0.087042563,0.000969363,0.008772934,0.00751416,0.087042563,0.018682967,-1.77E-05,0.011005556670593337,-0.001170499,0.019264021018448353,0.054340573,0.18962170856453606,0.005629403,0.00285231,0.12815653562336754,0.053899467,-0.00230747,0.018690378878375456,-0.867618148,0.015948409728150603,0.010734985085603752,-0.002147015,-0.000753138,0.008607202,0.15558627148689327,-0.000624747,0.005337473,-0.038765289,-0.000467794,-4.42E-05,-5.34E-05,0.003264675,0.008826275,0.001652368,-0.001387588,-9.54E-05,0.022845716287932066,-0.999135635,-0.637066161,-0.014079911,-0.014253313,0.010826532,1.856175375050414e-05,0.002130084,-1.89E-05,-0.00111594,-0.000331663,-0.001285896,-0.005053578,0.016155758573187975,-0.01811085,-0.065102089